{"0": {"Patient": "R80.nii.gz", "Dice": 0.9815575442512595, "Shape": [512, 512, 251]}, "1": {"Patient": "R64.nii.gz", "Dice": 0.9222291327763512, "Shape": [512, 512, 245]}, "2": {"Patient": "R5.nii.gz", "Dice": 0.9929592445420584, "Shape": [512, 512, 329]}, "3": {"Patient": "R69.nii.gz", "Dice": 0.8429217957276351, "Shape": [512, 512, 261]}, "4": {"Patient": "R71.nii.gz", "Dice": 0.9909220223948119, "Shape": [512, 512, 266]}, "5": {"Patient": "R35.nii.gz", "Dice": 0.9894556460248249, "Shape": [512, 512, 296]}, "6": {"Patient": "R34.nii.gz", "Dice": 0.9774214737680497, "Shape": [512, 512, 260]}, "7": {"Patient": "R36.nii.gz", "Dice": 0.8185366960803007, "Shape": [512, 512, 322]}, "8": {"Patient": "R110.nii.gz", "Dice": 0.9290773907028692, "Shape": [512, 512, 233]}, "9": {"Patient": "R33.nii.gz", "Dice": 0.9249662275704933, "Shape": [512, 512, 300]}, "10": {"Patient": "R136.nii.gz", "Dice": 0.9511319405067834, "Shape": [512, 512, 131]}, "11": {"Patient": "R45.nii.gz", "Dice": 0.9395925924001952, "Shape": [512, 512, 282]}, "12": {"Patient": "R49.nii.gz", "Dice": 0.9130434782608695, "Shape": [512, 512, 322]}, "13": {"Patient": "R144.nii.gz", "Dice": 0.9797078006889897, "Shape": [512, 512, 265]}, "14": {"Patient": "R123.nii.gz", "Dice": 0.951070122150463, "Shape": [512, 512, 222]}, "15": {"Patient": "R103.nii.gz", "Dice": 0.9028981304116618, "Shape": [512, 512, 243]}, "16": {"Patient": "R67.nii.gz", "Dice": 0.9842843679411187, "Shape": [512, 512, 241]}, "17": {"Patient": "R4.nii.gz", "Dice": 0.9938562858629766, "Shape": [512, 512, 276]}, "18": {"Patient": "R73.nii.gz", "Dice": 0.95433749867867, "Shape": [512, 512, 216]}, "19": {"Patient": "R75.nii.gz", "Dice": 0.9273742211910078, "Shape": [512, 512, 369]}, "20": {"Patient": "R66.nii.gz", "Dice": 0.9755993707010625, "Shape": [512, 512, 128]}, "21": {"Patient": "R27.nii.gz", "Dice": 0.9831563609735662, "Shape": [512, 512, 227]}, "22": {"Patient": "R146.nii.gz", "Dice": 0.9241428745362693, "Shape": [512, 512, 397]}, "23": {"Patient": "R74.nii.gz", "Dice": 0.9029435055317286, "Shape": [512, 512, 493]}, "24": {"Patient": "R88.nii.gz", "Dice": 0.960805288567716, "Shape": [512, 512, 267]}, "25": {"Patient": "R79.nii.gz", "Dice": 0.9928680085843679, "Shape": [512, 512, 115]}, "26": {"Patient": "R134.nii.gz", "Dice": 0.9615243280760829, "Shape": [512, 512, 265]}, "27": {"Patient": "R125.nii.gz", "Dice": 0.8560326746728075, "Shape": [512, 512, 266]}, "28": {"Patient": "R68.nii.gz", "Dice": 0.9686398518483536, "Shape": [512, 512, 300]}, "29": {"Patient": "R21.nii.gz", "Dice": 0.9946051309275544, "Shape": [512, 512, 314]}, "30": {"Patient": "R117.nii.gz", "Dice": 0.9507146211265395, "Shape": [512, 512, 222]}, "31": {"Patient": "R23.nii.gz", "Dice": 0.9312900665631583, "Shape": [512, 512, 483]}, "32": {"Patient": "R109.nii.gz", "Dice": 0.9540746055326321, "Shape": [512, 512, 280]}, "33": {"Patient": "R3.nii.gz", "Dice": 0.9574018744651399, "Shape": [512, 512, 288]}, "34": {"Patient": "R138.nii.gz", "Dice": 0.9585971365276386, "Shape": [512, 512, 299]}, "35": {"Patient": "R41.nii.gz", "Dice": 0.9507673310954264, "Shape": [512, 512, 285]}, "36": {"Patient": "R81.nii.gz", "Dice": 0.9641661879282378, "Shape": [512, 512, 450]}, "37": {"Patient": "R89.nii.gz", "Dice": 0.736606121356589, "Shape": [512, 512, 368]}, "38": {"Patient": "R62.nii.gz", "Dice": 0.9606519725843568, "Shape": [512, 512, 211]}, "39": {"Patient": "R128.nii.gz", "Dice": 0.9632949747642071, "Shape": [512, 512, 259]}, "40": {"Patient": "R7.nii.gz", "Dice": 0.9899104902724694, "Shape": [512, 512, 318]}, "41": {"Patient": "R105.nii.gz", "Dice": 0.9581951294710791, "Shape": [512, 512, 121]}, "42": {"Patient": "R139.nii.gz", "Dice": 0.9414839836330635, "Shape": [512, 512, 257]}, "43": {"Patient": "R58.nii.gz", "Dice": 0.9962070565301493, "Shape": [512, 512, 112]}, "44": {"Patient": "R131.nii.gz", "Dice": 0.9436171087636178, "Shape": [512, 512, 301]}, "45": {"Patient": "R57.nii.gz", "Dice": 0.9898572674205678, "Shape": [512, 512, 254]}, "46": {"Patient": "R98.nii.gz", "Dice": 0.7971698113207547, "Shape": [512, 512, 212]}, "47": {"Patient": "R97.nii.gz", "Dice": 0.978423892796762, "Shape": [512, 512, 231]}, "48": {"Patient": "R77.nii.gz", "Dice": 0.9301136417204925, "Shape": [512, 512, 244]}, "49": {"Patient": "R145.nii.gz", "Dice": 0.7755786802954042, "Shape": [512, 512, 326]}, "50": {"Patient": "R129.nii.gz", "Dice": 0.9287033112817671, "Shape": [512, 512, 292]}, "51": {"Patient": "R107.nii.gz", "Dice": 0.956105577502869, "Shape": [512, 512, 268]}, "52": {"Patient": "R54.nii.gz", "Dice": 0.9688758749265817, "Shape": [512, 512, 252]}, "53": {"Patient": "R108.nii.gz", "Dice": 0.9890600218533984, "Shape": [512, 512, 251]}, "54": {"Patient": "R82.nii.gz", "Dice": 0.9757627132631025, "Shape": [512, 512, 249]}, "55": {"Patient": "R52.nii.gz", "Dice": 0.9801136828721099, "Shape": [512, 512, 155]}, "56": {"Patient": "R18.nii.gz", "Dice": 0.9769860316433958, "Shape": [512, 512, 580]}, "57": {"Patient": "R72.nii.gz", "Dice": 0.9922989746925561, "Shape": [512, 512, 289]}, "58": {"Patient": "R130.nii.gz", "Dice": 0.8939335040072397, "Shape": [512, 512, 157]}, "59": {"Patient": "R48.nii.gz", "Dice": 0.9956917516557726, "Shape": [512, 512, 636]}, "60": {"Patient": "R95.nii.gz", "Dice": 0.9741825107627049, "Shape": [512, 512, 228]}, "61": {"Patient": "R32.nii.gz", "Dice": 0.942579262494278, "Shape": [512, 512, 304]}, "62": {"Patient": "R8.nii.gz", "Dice": 0.8140703517587939, "Shape": [512, 512, 199]}, "63": {"Patient": "R38.nii.gz", "Dice": 0.9957127606479483, "Shape": [512, 512, 125]}, "64": {"Patient": "R24.nii.gz", "Dice": 0.9922030971104384, "Shape": [512, 512, 531]}, "65": {"Patient": "R2.nii.gz", "Dice": 0.9897508938870382, "Shape": [512, 512, 269]}, "66": {"Patient": "R113.nii.gz", "Dice": 0.9249615197939571, "Shape": [512, 512, 241]}, "67": {"Patient": "R11.nii.gz", "Dice": 0.9766266168832574, "Shape": [512, 512, 241]}, "68": {"Patient": "R16.nii.gz", "Dice": 0.9974182422479846, "Shape": [512, 512, 277]}, "69": {"Patient": "R47.nii.gz", "Dice": 0.977134654545837, "Shape": [512, 512, 226]}, "70": {"Patient": "R76.nii.gz", "Dice": 0.8368794326241135, "Shape": [512, 512, 423]}, "71": {"Patient": "R1.nii.gz", "Dice": 0.9879348302399764, "Shape": [512, 512, 304]}, "72": {"Patient": "R13.nii.gz", "Dice": 0.9807398274341772, "Shape": [512, 512, 301]}, "73": {"Patient": "R90.nii.gz", "Dice": 0.9638006558784505, "Shape": [512, 512, 218]}, "74": {"Patient": "R84.nii.gz", "Dice": 0.9729206204659416, "Shape": [512, 512, 267]}, "75": {"Patient": "R28.nii.gz", "Dice": 0.954643614239195, "Shape": [512, 512, 264]}, "76": {"Patient": "R43.nii.gz", "Dice": 0.9406985410042271, "Shape": [512, 512, 125]}, "77": {"Patient": "R26.nii.gz", "Dice": 0.9922179901262433, "Shape": [512, 512, 376]}, "78": {"Patient": "R12.nii.gz", "Dice": 0.8984491964805446, "Shape": [512, 512, 373]}, "79": {"Patient": "R141.nii.gz", "Dice": 0.944400947983709, "Shape": [512, 512, 241]}, "80": {"Patient": "R78.nii.gz", "Dice": 0.7992114684149996, "Shape": [512, 512, 271]}, "81": {"Patient": "R85.nii.gz", "Dice": 0.9905999460137743, "Shape": [512, 512, 256]}, "82": {"Patient": "R40.nii.gz", "Dice": 0.9650469161753772, "Shape": [512, 512, 316]}, "83": {"Patient": "R87.nii.gz", "Dice": 0.9741304151980487, "Shape": [512, 512, 252]}, "84": {"Patient": "R37.nii.gz", "Dice": 0.9636782608199098, "Shape": [512, 512, 271]}, "85": {"Patient": "R102.nii.gz", "Dice": 0.9488379730736903, "Shape": [512, 512, 254]}, "86": {"Patient": "R132.nii.gz", "Dice": 0.9803779464411233, "Shape": [512, 512, 138]}, "87": {"Patient": "R86.nii.gz", "Dice": 0.9555579313415213, "Shape": [512, 512, 241]}, "88": {"Patient": "R135.nii.gz", "Dice": 0.896316414435671, "Shape": [512, 512, 273]}, "89": {"Patient": "R70.nii.gz", "Dice": 0.9830090665392799, "Shape": [512, 512, 242]}, "90": {"Patient": "R126.nii.gz", "Dice": 0.9736955535513234, "Shape": [512, 512, 327]}, "91": {"Patient": "R6.nii.gz", "Dice": 0.9915408102784685, "Shape": [512, 512, 567]},